-- Create the database (optional step if you already have one)
-- CREATE DATABASE stockwishlist;

-- Table: stocks
CREATE TABLE stocks (
    id SERIAL PRIMARY KEY,
    name VARCHAR(255) NOT NULL,
    quantity INT NOT NULL
);

-- Table: users
CREATE TABLE users (
    id SERIAL PRIMARY KEY,
    email VARCHAR(255) NOT NULL,
    password VARCHAR(255) NOT NULL
);

-- Table: wishlist
CREATE TABLE wishlist (
    id SERIAL PRIMARY KEY,
    user_id INT NOT NULL,
    stock_id INT NOT NULL
);

-- Insert data into stocks
INSERT INTO stocks (id, name, quantity) VALUES 
(1, 'Apple Inc.', 50),
(2, 'Microsoft Corporation', 218),
(3, 'Alphabet Inc. (Google)', 439),
(4, 'Amazon.com Inc.', 415),
(5, 'Tesla Inc.', 424),
(6, 'Meta Platforms Inc. (Facebook)', 138),
(7, 'NVIDIA Corporation', 330),
(8, 'Berkshire Hathaway Inc.', 486),
(9, 'Visa Inc.', 55),
(10, 'Johnson & Johnson', 37),
(11, 'UnitedHealth Group', 60),
(12, 'JPMorgan Chase & Co.', 173),
(13, 'Mastercard Inc.', 318),
(14, 'Procter & Gamble Co.', 35),
(15, 'Home Depot Inc.', 500),
(16, 'Pfizer Inc.', 338),
(17, 'Coca-Cola Company', 160),
(18, 'PepsiCo Inc.', 432),
(19, 'Adobe Inc.', 270),
(20, 'Netflix Inc.', 182),
(21, 'Exxon Mobil Corporation', 269),
(22, 'Walmart Inc.', 371),
(23, 'Walt Disney Company', 107),
(24, 'Salesforce Inc.', 166),
(25, 'Intel Corporation', 78),
(26, 'Cisco Systems Inc.', 18),
(27, 'Oracle Corporation', 204),
(28, 'Qualcomm Inc.', 16),
(29, 'AT&T Inc.', 289),
(30, 'Verizon Communications', 401),
(31, 'Chevron Corporation', 363),
(32, 'Boeing Company', 317),
(33, 'McDonald’s Corporation', 387),
(34, 'AbbVie Inc.', 184),
(35, 'IBM Corporation', 470),
(36, 'American Express', 453),
(37, '3M Company', 102),
(38, 'Costco Wholesale', 163),
(39, 'Starbucks Corporation', 368),
(40, 'Nike Inc.', 44),
(41, 'Ford Motor Company', 367),
(42, 'General Motors', 409),
(43, 'Zoom Video Communications', 351),
(44, 'Snowflake Inc.', 165),
(45, 'Shopify Inc.', 139),
(46, 'Palantir Technologies', 19),
(47, 'Roku Inc.', 2),
(48, 'Uber Technologies', 222),
(49, 'Airbnb Inc.', 485),
(50, 'Block Inc. (Square)', 28);

INSERT INTO users (id, email, password) VALUES
(1, 'sarah.walker6786@example.com', '0C7E6^N0C7E'),
(2, 'michael.allen1642@example.com', '424E7*Y424E'),
(3, 'ava.sanchez9889@example.com', 'E8CA4$UE8CA'),
(4, 'emily.taylor9920@example.com', '75898#Z7589'),
(5, 'chloe.sanchez0896@example.com', '219E8@A219E'),
(6, 'michael.nelson1184@example.com', 'BCCF3^TBCCF'),
(7, 'liam.jackson8350@example.com', 'E2FC3&KE2FC'),
(8, 'daniel.sanchez2244@example.com', '25E10!S25E1'),
(9, 'david.jones3278@example.com', '60406*C6040'),
(10, 'ava.wilson3276@example.com', '023E5&U023E'),
(11, 'benjamin.johnson5458@example.com', '080C4@V080C'),
(12, 'sarah.adams5262@example.com', 'A5261@IA526'),
(13, 'benjamin.smith6300@example.com', 'A80D0^DA80D'),
(14, 'amelia.moore5243@example.com', 'B2905@OB290'),
(15, 'liam.nelson6214@example.com', '4E794!O4E79'),
(16, 'ava.hill5516@example.com', '92D98!G92D9'),
(17, 'henry.green3259@example.com', '5D446^F5D44'),
(18, 'emma.brown7785@example.com', '7C2B7#B7C2B'),
(19, 'emma.thomas8150@example.com', '1EE04@F1EE0'),
(20, 'john.adams3489@example.com', 'A6990%ZA699'),
(21, 'lucas.young7872@example.com', '8C1B4&U8C1B'),
(22, 'charlotte.roberts2681@example.com', '029C6@E029C'),
(23, 'isabella.moore6849@example.com', '9D3B7^I9D3B'),
(24, 'harper.lopez1119@example.com', '77991*Y7799'),
(25, 'sarah.torres6401@example.com', '8B9A2#M8B9A'),
(26, 'alexander.brown4310@example.com', 'F34D3$PF34D'),
(27, 'harper.hill0945@example.com', '5AAF9&T5AAF'),
(28, 'ethan.moore2486@example.com', '47E89!T47E8'),
(29, 'jack.brown8086@example.com', '999E8$D999E'),
(30, 'benjamin.allen0481@example.com', 'E8900*CE890'),
(31, 'olivia.johnson9022@example.com', '62F08#R62F0'),
(32, 'john.flores4489@example.com', '65953!P6595'),
(33, 'emma.walker4652@example.com', 'C9334^QC933'),
(34, 'benjamin.flores4149@example.com', '48577%I4857'),
(35, 'charlotte.roberts9313@example.com', 'B0630!IB063'),
(36, 'john.hall4799@example.com', 'C47B0%HC47B'),
(37, 'liam.taylor8913@example.com', '66250$Q6625'),
(38, 'amelia.allen5031@example.com', 'BCE43@TBCE4'),
(39, 'mia.martinez4167@example.com', '6FDF1^U6FDF'),
(40, 'noah.torres8346@example.com', 'D6982*MD698'),
(41, 'emma.wilson2540@example.com', '7C994$N7C99'),
(42, 'harper.white5362@example.com', 'FC2C7^OFC2C'),
(43, 'john.green7212@example.com', '59D96@M59D9'),
(44, 'daniel.rodriguez0102@example.com', 'D38A7^KD38A'),
(45, 'sebastian.nguyen9563@example.com', '4A6B0!I4A6B'),
(46, 'michael.lopez5153@example.com', 'C80C6!CC80C'),
(47, 'john.hernandez6619@example.com', '02EC3@L02EC'),
(48, 'daniel.anderson1572@example.com', '104C3%J104C'),
(49, 'david.ramirez5680@example.com', 'CEE17%VCEE1'),
(50, 'zoe.carter6565@example.com', 'CC777$YCC77'),
(51, 'liam.mitchell6474@example.com', '57BD8$L57BD'),
(52, 'grace.green5573@example.com', '7D067*C7D06'),
(53, 'noah.allen2001@example.com', '64334#U6433'),
(54, 'ava.clark7244@example.com', 'AE095&LAE09'),
(55, 'henry.king8698@example.com', '04250*O0425'),
(56, 'chloe.rodriguez1583@example.com', 'DF246@HDF24'),
(57, 'daniel.wright3930@example.com', '27DA5#N27DA'),
(58, 'sarah.allen2356@example.com', '9A863^N9A86'),
(59, 'grace.hall4481@example.com', '55752&A5575'),
(60, 'samuel.williams9319@example.com', '88EB9#T88EB'),
(61, 'olivia.hall0520@example.com', '836F7@A836F'),
(62, 'ethan.hernandez9453@example.com', '6B706$U6B70'),
(63, 'alexander.miller0769@example.com', '6A910!B6A91'),
(64, 'jack.gomez5064@example.com', 'EA4D5!HEA4D'),
(65, 'samuel.harris0305@example.com', '54714$C5471'),
(66, 'sarah.lopez6866@example.com', 'CC8D0$ACC8D'),
(67, 'isabella.johnson9749@example.com', 'D0621!SD062'),
(68, 'ethan.ramirez3029@example.com', '7F247^P7F24'),
(69, 'alexander.perez3770@example.com', '9CC03$B9CC0'),
(70, 'ava.wright6426@example.com', '12833!M1283'),
(71, 'charlotte.rodriguez3492@example.com', '0A353%H0A35'),
(72, 'liam.jackson8311@example.com', '29289!B2928'),
(73, 'harper.walker4874@example.com', 'DBB53*ZDBB5'),
(74, 'sebastian.roberts0495@example.com', 'F13F0#EF13F'),
(75, 'lucas.jackson0489@example.com', 'CE629^KCE62'),
(76, 'sophia.campbell2884@example.com', 'D1C41&TD1C4'),
(77, 'benjamin.davis6901@example.com', '45809!U4580'),
(78, 'lucas.smith7808@example.com', 'A9F32!XA9F3'),
(79, 'emma.roberts9991@example.com', '9E9C8@H9E9C'),
(80, 'sarah.hall2003@example.com', 'A27C2@VA27C'),
(81, 'michael.torres9286@example.com', '9CA27!N9CA2'),
(82, 'grace.sanchez4849@example.com', '60A23&G60A2'),
(83, 'alexander.wilson6219@example.com', 'F0D53^NF0D5'),
(84, 'david.davis0350@example.com', '15F77$E15F7'),
(85, 'liam.martinez2540@example.com', '672D5!L672D'),
(86, 'isabella.scott4252@example.com', 'EDAC7^SEDAC'),
(87, 'samuel.perez6442@example.com', '15F21#S15F2'),
(88, 'david.adams2395@example.com', '58829#I5882'),
(89, 'emily.walker3441@example.com', '0D343!I0D34'),
(90, 'amelia.hall5326@example.com', '70A15^A70A1'),
(91, 'liam.torres2542@example.com', '1DB14$W1DB1'),
(92, 'sophia.clark6230@example.com', 'C0327&VC032'),
(93, 'david.lee7373@example.com', '2FFC6*X2FFC'),
(94, 'olivia.taylor2420@example.com', '1DCF8!X1DCF'),
(95, 'sebastian.hill7340@example.com', '83D44^E83D4'),
(96, 'liam.sanchez3920@example.com', '86812&J8681'),
(97, 'ethan.sanchez8867@example.com', '25521@V2552'),
(98, 'john.johnson2757@example.com', '0C087%N0C08'),
(99, 'ethan.lewis2523@example.com', '25EB6#Y25EB'),
(100, 'sebastian.rodriguez7301@example.com', 'E7EC2$ZE7EC'),
(101, 'ella.williams5230@example.com', '78257#F7825'),
(102, 'james.hill3966@example.com', 'A30E4$SA30E'),
(103, 'mia.gomez4217@example.com', '0B651*H0B65'),
(104, 'michael.gomez8896@example.com', 'CC7D3$RCC7D'),
(105, 'ella.williams0174@example.com', '35400!W3540'),
(106, 'sebastian.thomas4226@example.com', 'ACAE7#MACAE'),
(107, 'mia.lopez3341@example.com', '394A3!V394A'),
(108, 'ava.rivera7611@example.com', 'FBAA4%IFBAA'),
(109, 'chloe.brown0118@example.com', '64BB1@H64BB'),
(110, 'amelia.thompson5913@example.com', '75A44!N75A4'),
(111, 'noah.wright0610@example.com', '806F9!A806F'),
(112, 'sophia.roberts9823@example.com', '4D766!W4D76'),
(113, 'lucas.gomez2251@example.com', 'CE334&UCE33'),
(114, 'james.young7408@example.com', 'E4D45@ZE4D4'),
(115, 'ella.baker1150@example.com', '79C96*Y79C9'),
(116, 'liam.adams1459@example.com', '68A20^S68A2'),
(117, 'jack.smith6971@example.com', '89098@X8909'),
(118, 'lucas.thomas8347@example.com', '5EC32*X5EC3'),
(119, 'sebastian.adams8826@example.com', '3DDD0$E3DDD'),
(120, 'lucas.martin7682@example.com', '551B4*D551B'),
(121, 'harper.perez7839@example.com', 'EBED4%XEBED'),
(122, 'john.jackson2493@example.com', '90E44%X90E4'),
(123, 'david.anderson9494@example.com', '3CB83!X3CB8'),
(124, 'henry.walker5059@example.com', 'A5C70!YA5C7'),
(125, 'amelia.smith4701@example.com', '4DFD1!S4DFD'),
(126, 'james.sanchez0111@example.com', '0D099&G0D09'),
(127, 'alexander.nelson6956@example.com', '1C417$T1C41'),
(128, 'emma.jones9932@example.com', '49D15$L49D1'),
(129, 'olivia.davis8335@example.com', '54F84&M54F8'),
(130, 'harper.scott3752@example.com', '0B675^B0B67'),
(131, 'lucas.carter1431@example.com', 'BB207&XBB20'),
(132, 'charlotte.torres1229@example.com', '2EEF8%N2EEF'),
(133, 'olivia.ramirez3633@example.com', '22E51@A22E5'),
(134, 'isabella.sanchez5652@example.com', 'A0ED7%SA0ED'),
(135, 'charlotte.nguyen3125@example.com', 'CA373!WCA37'),
(136, 'isabella.wilson9007@example.com', '3F451$M3F45'),
(137, 'ava.martin8005@example.com', '8B369^E8B36'),
(138, 'charlotte.brown1688@example.com', '04BA3*H04BA'),
(139, 'isabella.thompson6443@example.com', 'E87E8&DE87E'),
(140, 'emily.mitchell0592@example.com', 'B4C35@ZB4C3'),
(141, 'ava.hill4794@example.com', 'E2759*OE275'),
(142, 'lucas.white1494@example.com', 'F3240*ZF324'),
(143, 'david.mitchell7861@example.com', '72B57@C72B5'),
(144, 'grace.brown3302@example.com', 'E6335*QE633'),
(145, 'sarah.martin9106@example.com', '24EF5!N24EF'),
(146, 'daniel.carter0514@example.com', '37656&C3765'),
(147, 'ethan.lopez1509@example.com', '4B269@J4B26'),
(148, 'zoe.gonzalez3557@example.com', '64499!I6449'),
(149, 'mia.baker6947@example.com', '174B2&V174B'),
(150, 'emma.jones9793@example.com', 'D8493*ID849'),
(151, 'zoe.nelson6091@example.com', '72D60*G72D6'),
(152, 'sebastian.robinson5002@example.com', 'D0976!ID097'),
(153, 'isabella.baker5318@example.com', 'E5AE4^PE5AE'),
(154, 'amelia.clark2281@example.com', '61BD5&F61BD'),
(155, 'jack.roberts7566@example.com', '75244@O7524'),
(156, 'mia.green2654@example.com', '66D12%R66D1'),
(157, 'alexander.nguyen3595@example.com', 'A85D1%HA85D'),
(158, 'amelia.martinez2484@example.com', 'B0840$WB084'),
(159, 'david.ramirez4160@example.com', '0D859!T0D85'),
(160, 'samuel.garcia5747@example.com', 'DD9B5*DDD9B'),
(161, 'emma.gonzalez5677@example.com', '31759$M3175'),
(162, 'noah.taylor5601@example.com', 'EE6E5&JEE6E'),
(163, 'grace.ramirez1181@example.com', '44093$Z4409'),
(164, 'david.young3628@example.com', 'BB352!NBB35'),
(165, 'olivia.nguyen1543@example.com', '99CD6^B99CD'),
(166, 'olivia.davis5869@example.com', 'F0624$LF062'),
(167, 'ava.davis8529@example.com', '6F5F3%D6F5F'),
(168, 'liam.jackson0732@example.com', 'D4EF7!RD4EF'),
(169, 'emily.hill6543@example.com', '16F17*W16F1'),
(170, 'michael.white5735@example.com', 'E2AF8@OE2AF'),
(171, 'ava.gonzalez9663@example.com', '2DAE6*S2DAE'),
(172, 'henry.lopez2894@example.com', '21E09^Q21E0'),
(173, 'emily.mitchell1786@example.com', '56F18&J56F1'),
(174, 'daniel.moore0641@example.com', 'FFF84%GFFF8'),
(175, 'mia.thomas8783@example.com', 'D9845!ZD984'),
(176, 'john.martinez9304@example.com', '5DCD3@J5DCD'),
(177, 'emily.garcia5095@example.com', '65582!Q6558'),
(178, 'alexander.allen8799@example.com', '88736@H8873'),
(179, 'henry.moore9724@example.com', '273A6^K273A'),
(180, 'harper.white9604@example.com', '3E9C9^R3E9C'),
(181, 'charlotte.campbell0524@example.com', '79171%D7917'),
(182, 'noah.allen3616@example.com', '9A706#V9A70'),
(183, 'jack.scott0094@example.com', '08B03@Q08B0'),
(184, 'ella.clark8288@example.com', '9BA68%U9BA6'),
(185, 'isabella.garcia5186@example.com', '8EF75%Q8EF7'),
(186, 'alexander.martin8195@example.com', '7EF68%V7EF6'),
(187, 'henry.williams2659@example.com', '83C88!L83C8'),
(188, 'michael.allen3146@example.com', 'A6C73%NA6C7'),
(189, 'henry.moore8443@example.com', '39B31@D39B3'),
(190, 'benjamin.davis2145@example.com', '625D2*M625D'),
(191, 'noah.williams5055@example.com', '1ECF8$M1ECF'),
(192, 'isabella.clark3203@example.com', '7D160&Z7D16'),
(193, 'michael.allen6944@example.com', '7E397@K7E39'),
(194, 'harper.williams8039@example.com', 'C7C17*JC7C1'),
(195, 'olivia.white3569@example.com', '66F79&Q66F7'),
(196, 'noah.flores2343@example.com', 'C4E30#UC4E3'),
(197, 'sarah.young6444@example.com', '162B4^A162B'),
(198, 'mia.walker1665@example.com', '42966*I4296'),
(199, 'sebastian.sanchez7868@example.com', '54671&T5467'),
(200, 'sebastian.lee1562@example.com', '133F2%G133F'),
(201, 'james.jackson1660@example.com', 'D6268*ED626'),
(202, 'samuel.white6948@example.com', 'F06D0*OF06D'),
(203, 'david.young1597@example.com', '5BE06#Z5BE0'),
(204, 'john.lewis2219@example.com', 'F9FC6$WF9FC'),
(205, 'liam.gomez7335@example.com', '2C3E2&I2C3E'),
(206, 'emma.hill6906@example.com', 'C3381%WC338'),
(207, 'olivia.rivera9592@example.com', '998B6$A998B'),
(208, 'grace.rivera2890@example.com', '8A402&V8A40'),
(209, 'sebastian.gomez0488@example.com', 'A35D7%NA35D'),
(210, 'samuel.perez4836@example.com', '870D5$Z870D'),
(211, 'emma.wright6228@example.com', 'EDAF9$NEDAF'),
(212, 'liam.perez2842@example.com', '5C488!L5C48'),
(213, 'emma.hernandez2271@example.com', '83CA4!Z83CA'),
(214, 'benjamin.wright6623@example.com', 'F7F53@AF7F5'),
(215, 'ava.martinez9949@example.com', 'D79D2^ND79D'),
(216, 'james.nguyen9398@example.com', '24F13$R24F1'),
(217, 'harper.gonzalez5105@example.com', '5B772*I5B77'),
(218, 'jack.martinez7424@example.com', '56611&P5661'),
(219, 'emily.white2626@example.com', 'ECA72$FECA7'),
(220, 'alexander.ramirez5365@example.com', 'BA042*KBA04'),
(221, 'david.young9545@example.com', '09E05$F09E0'),
(222, 'ava.robinson5366@example.com', '46688^G4668'),
(223, 'mia.johnson6608@example.com', '2B4F2&U2B4F'),
(224, 'lucas.sanchez1566@example.com', '1DFF7&O1DFF'),
(225, 'sarah.thomas7165@example.com', '19F98&F19F9'),
(226, 'michael.hall8340@example.com', '59880$O5988'),
(227, 'amelia.taylor7555@example.com', '04B14$Z04B1'),
(228, 'emily.jackson0169@example.com', '9B4D4&W9B4D'),
(229, 'olivia.gomez3845@example.com', 'A4405@OA440'),
(230, 'samuel.roberts6730@example.com', '72779*S7277'),
(231, 'liam.anderson5523@example.com', '75754@H7575'),
(232, 'sophia.allen8958@example.com', '5D6D9!J5D6D'),
(233, 'grace.anderson9915@example.com', '0ACB6%D0ACB'),
(234, 'lucas.anderson2953@example.com', '3DE82%E3DE8'),
(235, 'michael.robinson3648@example.com', '66306*P6630'),
(236, 'sophia.ramirez3499@example.com', 'AD305$TAD30'),
(237, 'mia.jones3346@example.com', 'FA678*MFA67'),
(238, 'ella.clark7628@example.com', '8E4C4^T8E4C'),
(239, 'sarah.carter8424@example.com', '4A185@M4A18'),
(240, 'chloe.jackson3241@example.com', '53A60$P53A6'),
(241, 'ava.clark4291@example.com', 'DF474&RDF47'),
(242, 'john.thomas7524@example.com', '5F315^Y5F31'),
(243, 'emily.gonzalez6782@example.com', '39348*M3934'),
(244, 'james.garcia0998@example.com', '89734@J8973'),
(245, 'emma.hill2755@example.com', 'C6D05#OC6D0'),
(246, 'ella.martin6923@example.com', '64194$B6419'),
(247, 'ella.moore1225@example.com', '6C804!N6C80'),
(248, 'olivia.miller4531@example.com', '17378!N1737'),
(249, 'samuel.moore3438@example.com', '0E2F5%F0E2F'),
(250, 'mia.jackson9422@example.com', '07799!I0779');

INSERT INTO wishlist (user_id, stock_id, id) VALUES
(143, 9, 1),
(24, 49, 2),
(28, 36, 3),
(138, 1, 4),
(63, 6, 5),
(160, 44, 6),
(73, 4, 7),
(6, 44, 8),
(135, 31, 9),
(68, 50, 10),
(198, 45, 11),
(100, 29, 12),
(24, 44, 13),
(167, 14, 14),
(76, 36, 15),
(206, 45, 16),
(147, 12, 17),
(28, 37, 18),
(196, 49, 19),
(166, 3, 20),
(166, 19, 21),
(120, 36, 22),
(236, 46, 23),
(132, 20, 24),
(179, 20, 25),
(83, 18, 26),
(121, 47, 27),
(57, 34, 28),
(130, 35, 29),
(155, 11, 30),
(33, 26, 31),
(15, 14, 32),
(159, 40, 33),
(44, 44, 34),
(33, 34, 35),
(174, 8, 36),
(140, 2, 37),
(125, 4, 38),
(40, 41, 39),
(58, 19, 40),
(42, 4, 41),
(154, 48, 42),
(77, 11, 43),
(152, 9, 44),
(94, 9, 45),
(244, 35, 46),
(105, 15, 47),
(59, 15, 48),
(138, 21, 49),
(54, 31, 50),
(65, 8, 51),
(192, 19, 52),
(213, 8, 53),
(221, 16, 54),
(179, 30, 55),
(74, 26, 56),
(178, 41, 57),
(199, 27, 58),
(209, 23, 59),
(60, 28, 60),
(213, 25, 61),
(227, 50, 62),
(34, 21, 63),
(98, 38, 64),
(113, 20, 65),
(180, 29, 66),
(208, 22, 67),
(24, 34, 68),
(62, 42, 69),
(2, 22, 70),
(34, 31, 71),
(167, 38, 72),
(246, 37, 73),
(83, 31, 74),
(135, 20, 75),
(95, 38, 76),
(152, 25, 77),
(119, 12, 78),
(141, 11, 79),
(123, 10, 80),
(188, 46, 81),
(179, 44, 82),
(164, 42, 83),
(145, 15, 84),
(111, 7, 85),
(221, 3, 86),
(24, 23, 87),
(37, 43, 88),
(236, 6, 89),
(74, 41, 90),
(214, 16, 91),
(114, 2, 92),
(174, 3, 93),
(132, 48, 94),
(199, 14, 95),
(127, 14, 96),
(75, 44, 97),
(13, 17, 98),
(89, 33, 99),
(35, 6, 100),
(77, 20, 101),
(29, 21, 102),
(4, 46, 103),
(78, 42, 104),
(6, 48, 105),
(158, 8, 106),
(243, 27, 107),
(132, 40, 108),
(233, 35, 109),
(29, 17, 110),
(59, 35, 111),
(48, 4, 112),
(91, 16, 113),
(102, 30, 114),
(212, 4, 115),
(250, 45, 116),
(153, 6, 117),
(215, 26, 118),
(100, 35, 119),
(205, 48, 120),
(34, 36, 121),
(105, 39, 122),
(98, 22, 123),
(60, 6, 124),
(205, 31, 125),
(79, 26, 126),
(100, 7, 127),
(242, 15, 128),
(138, 41, 129),
(215, 3, 130),
(54, 31, 131),
(90, 44, 132),
(73, 38, 133),
(28, 35, 134),
(56, 49, 135),
(51, 17, 136),
(8, 41, 137),
(66, 41, 138),
(11, 40, 139),
(59, 33, 140),
(168, 18, 141),
(35, 37, 142),
(119, 35, 143),
(184, 4, 144),
(149, 31, 145),
(78, 13, 146),
(154, 39, 147),
(22, 14, 148),
(12, 11, 149),
(119, 23, 150),
(29, 8, 151),
(160, 29, 152),
(248, 15, 153),
(51, 29, 154),
(148, 38, 155),
(155, 9, 156),
(141, 1, 157),
(249, 32, 158),
(144, 31, 159),
(164, 49, 160),
(141, 10, 161),
(103, 23, 162),
(235, 19, 163),
(220, 15, 164),
(86, 30, 165),
(13, 1, 166),
(247, 16, 167),
(180, 40, 168),
(4, 20, 169),
(52, 18, 170),
(189, 21, 171),
(222, 15, 172),
(53, 21, 173),
(161, 26, 174),
(238, 36, 175),
(148, 34, 176),
(143, 30, 177),
(201, 25, 178),
(219, 25, 179),
(27, 1, 180),
(15, 46, 181),
(125, 20, 182),
(140, 41, 183),
(99, 31, 184),
(207, 17, 185),
(5, 47, 186),
(200, 42, 187),
(12, 5, 188),
(243, 21, 189),
(89, 10, 190),
(157, 22, 191),
(202, 50, 192),
(159, 45, 193),
(185, 38, 194),
(167, 42, 195),
(216, 32, 196),
(203, 4, 197),
(191, 47, 198),
(219, 5, 199),
(130, 11, 200),
(21, 48, 201),
(82, 44, 202),
(1, 19, 203),
(29, 25, 204),
(7, 28, 205),
(116, 46, 206),
(30, 28, 207),
(213, 32, 208),
(243, 14, 209),
(67, 32, 210),
(211, 41, 211),
(34, 7, 212),
(192, 47, 213),
(154, 30, 214),
(204, 10, 215),
(34, 19, 216),
(41, 30, 217),
(214, 16, 218),
(19, 14, 219),
(194, 18, 220),
(43, 32, 221),
(218, 46, 222),
(120, 4, 223),
(18, 10, 224),
(20, 5, 225),
(101, 13, 226),
(114, 3, 227),
(215, 24, 228),
(143, 12, 229),
(56, 19, 230),
(34, 27, 231),
(180, 33, 232),
(27, 22, 233),
(13, 22, 234),
(192, 13, 235),
(24, 21, 236),
(41, 41, 237),
(5, 18, 238),
(23, 26, 239),
(195, 24, 240),
(201, 48, 241),
(109, 31, 242),
(179, 38, 243),
(122, 42, 244),
(183, 45, 245),
(153, 22, 246),
(238, 17, 247),
(150, 42, 248),
(206, 41, 249),
(130, 49, 250),
(202, 17, 251),
(133, 11, 252),
(155, 27, 253),
(212, 20, 254),
(56, 7, 255),
(156, 19, 256),
(79, 17, 257),
(101, 49, 258),
(132, 50, 259),
(206, 42, 260),
(51, 23, 261),
(48, 5, 262),
(158, 45, 263),
(84, 19, 264),
(136, 14, 265),
(223, 47, 266),
(35, 4, 267),
(79, 30, 268),
(60, 5, 269),
(10, 31, 270),
(114, 41, 271),
(111, 32, 272),
(103, 42, 273),
(214, 30, 274),
(121, 28, 275),
(210, 42, 276),
(199, 42, 277),
(116, 30, 278),
(173, 10, 279),
(21, 7, 280),
(120, 9, 281),
(55, 12, 282),
(39, 6, 283),
(10, 50, 284),
(195, 29, 285),
(109, 41, 286),
(60, 38, 287),
(110, 16, 288),
(61, 39, 289),
(34, 4, 290),
(129, 23, 291),
(103, 21, 292),
(120, 18, 293),
(123, 32, 294),
(197, 8, 295),
(41, 18, 296),
(68, 20, 297),
(34, 36, 298),
(73, 22, 299),
(43, 44, 300),
(157, 37, 301),
(44, 37, 302),
(56, 11, 303),
(128, 40, 304),
(57, 47, 305),
(103, 2, 306),
(104, 5, 307),
(1, 28, 308),
(1, 28, 309),
(1, 28, 310),
(1, 24, 311),
(1, 24, 312),
(1, 7, 313),
(1, 11, 314),
(1, 11, 315),
(1, 1, 316),
(1, 1, 317),
(1, 1, 318),
(1, 18, 319),
(1, 13, 320),
(59, 40, 321),
(14, 36, 322),
(229, 32, 323),
(146, 8, 324),
(192, 13, 325),
(136, 45, 326),
(237, 18, 327),
(17, 39, 328),
(222, 11, 329),
(215, 37, 330),
(170, 11, 331),
(149, 30, 332),
(107, 11, 333),
(100, 15, 334),
(14, 42, 335),
(214, 25, 336),
(71, 47, 337),
(32, 11, 338),
(88, 20, 339),
(196, 36, 340),
(28, 30, 341),
(156, 9, 342),
(247, 7, 343),
(51, 37, 344),
(79, 8, 345),
(57, 9, 346),
(218, 42, 347),
(63, 14, 348),
(66, 25, 349),
(95, 43, 350),
(6, 17, 351),
(56, 43, 352),
(216, 36, 353),
(223, 36, 354),
(54, 5, 355),
(1, 10, 356),
(145, 20, 357),
(173, 2, 358),
(157, 30, 359),
(179, 3, 360),
(119, 19, 361),
(145, 21, 362),
(46, 13, 363),
(163, 45, 364),
(223, 37, 365),
(52, 46, 366),
(217, 11, 367),
(128, 46, 368),
(114, 5, 369),
(131, 25, 370),
(58, 25, 371),
(155, 18, 372),
(28, 19, 373),
(109, 3, 374),
(154, 34, 375),
(48, 31, 376),
(4, 43, 377),
(174, 46, 378),
(19, 27, 379),
(131, 16, 380),
(11, 50, 381),
(101, 9, 382),
(85, 42, 383),
(160, 1, 384),
(153, 46, 385),
(74, 23, 386),
(234, 31, 387),
(12, 50, 388),
(207, 31, 389),
(81, 45, 390),
(20, 45, 391),
(63, 16, 392),
(54, 23, 393),
(135, 14, 394),
(175, 37, 395),
(123, 42, 396),
(14, 14, 397),
(39, 7, 398),
(41, 6, 399),
(24, 36, 400),
(162, 14, 401),
(153, 5, 402),
(207, 31, 403),
(47, 16, 404),
(102, 29, 405),
(149, 28, 406),
(100, 40, 407),
(213, 46, 408),
(31, 21, 409),
(128, 27, 410),
(204, 15, 411),
(52, 17, 412),
(153, 43, 413),
(80, 27, 414),
(199, 4, 415),
(204, 7, 416),
(174, 24, 417),
(86, 4, 418),
(158, 14, 419),
(7, 39, 420),
(116, 22, 421),
(5, 42, 422),
(17, 19, 423),
(31, 28, 424),
(46, 39, 425),
(81, 37, 426),
(209, 5, 427),
(132, 15, 428),
(54, 28, 429),
(168, 10, 430),
(123, 7, 431),
(108, 42, 432),
(145, 7, 433),
(18, 36, 434),
(214, 50, 435),
(98, 50, 436),
(232, 40, 437),
(49, 45, 438),
(240, 47, 439),
(113, 23, 440),
(137, 22, 441),
(88, 50, 442),
(23, 34, 443),
(75, 22, 444),
(56, 44, 445),
(82, 17, 446),
(143, 8, 447),
(182, 15, 448),
(29, 45, 449),
(200, 25, 450),
(25, 43, 451),
(143, 45, 452),
(182, 4, 453),
(174, 25, 454),
(106, 19, 455),
(191, 1, 456),
(199, 28, 457),
(233, 34, 458),
(9, 7, 459),
(140, 18, 460),
(205, 30, 461),
(201, 24, 462),
(121, 30, 463),
(213, 45, 464),
(126, 39, 465),
(86, 7, 466),
(203, 25, 467),
(133, 20, 468),
(16, 14, 469),
(219, 31, 470),
(79, 31, 471),
(159, 21, 472),
(123, 21, 473),
(12, 20, 474),
(152, 25, 475),
(247, 50, 476),
(229, 8, 477),
(136, 49, 478),
(236, 13, 479),
(142, 16, 480),
(193, 28, 481),
(215, 50, 482),
(35, 35, 483),
(173, 26, 484),
(11, 40, 485),
(184, 16, 486),
(209, 10, 487),
(35, 48, 488),
(72, 46, 489),
(78, 38, 490),
(98, 21, 491),
(32, 43, 492),
(107, 18, 493),
(59, 15, 494),
(110, 16, 495),
(47, 30, 496),
(175, 34, 497),
(108, 23, 498),
(92, 16, 499),
(62, 38, 500),
(20, 11, 501),
(37, 11, 502),
(207, 24, 503),
(198, 35, 504),
(91, 25, 505),
(246, 5, 506),
(112, 25, 507),
(82, 31, 508),
(102, 45, 509),
(244, 45, 510),
(7, 16, 511),
(250, 12, 512),
(189, 5, 513),
(1, 2, 514),
(1, 9, 515),
(1, 9, 516);

CREATE UNIQUE INDEX uq_users_email ON users (email);

ALTER TABLE wishlist
ADD CONSTRAINT fk_wishlist_stock
FOREIGN KEY (stock_id) REFERENCES stocks(id);

ALTER TABLE wishlist
ADD CONSTRAINT fk_wishlist_user
FOREIGN KEY (user_id) REFERENCES users(id);




